signal,config,label,subset,n,cases,prevalence,AUROC,AUROC_ci,AUPRC,AUPRC_ci,Brier,Brier_ci,ECE,ECE_ci,adaptive_ECE,adaptive_ECE_ci,calibration_slope,calibration_intercept
p_wrong,legacy,wrong_report,binary_first,7884,237,0.095890,0.873899,"(0.8565199498617515, 0.8902824496224534)",0.498325,"(0.4598758158151865, 0.5384124961665738)",0.067328,"(0.06236934884734951, 0.07292103375552618)",0.039478,"(0.034191305272297155, 0.04657095008148879)",0.037326,"(0.03199544002330907, 0.04355249951342838)",0.266503,0.812627
p_wrong,oracle,wrong_report,binary_first,7884,237,0.095890,0.862982,"(0.8442637105735343, 0.8803869477543488)",0.438849,"(0.3985048111950859, 0.48266064180750523)",0.067309,"(0.06232394073528682, 0.07231404318365071)",0.014380,"(0.009613972276178221, 0.022651301016072385)",0.014563,"(0.010113067547561439, 0.022505603433681732)",-0.169602,0.871179
p_wrong,train_fixed,wrong_report,binary_first,7884,237,0.095890,0.857318,"(0.8367623008425211, 0.8754365446909387)",0.425735,"(0.384145406920571, 0.4666981214045362)",0.068316,"(0.06323328127906613, 0.0733143625933055)",0.016346,"(0.010930887075257587, 0.025696793890462626)",0.016073,"(0.010891896468760277, 0.026067226925822876)",-0.227190,0.867461
p_wrong,cue_conditioned,wrong_report,binary_first,7884,237,0.095890,0.861079,"(0.8425603351247948, 0.8786093847480277)",0.437756,"(0.3964745473606632, 0.48086868027212964)",0.067344,"(0.06253925361825555, 0.072438426202874)",0.011879,"(0.008241790375123768, 0.02037874366119994)",0.014938,"(0.00848738107194908, 0.021872176078098517)",-0.151822,0.879642
p_mode,legacy,latent_misreport,all_first,13171,245,0.077747,0.819909,"(0.8046002477837152, 0.8354798765685658)",0.395803,"(0.3642667994692953, 0.42951922102194806)",0.062614,"(0.058660300469670704, 0.06639301107193281)",0.043258,"(0.03884519075370597, 0.04748740739844145)",0.043195,"(0.03875439685593716, 0.04740000538371505)",0.320505,0.796413
p_mode,oracle,latent_misreport,all_first,13171,245,0.077747,0.814728,"(0.7986295779943613, 0.8302556570093886)",0.381828,"(0.3507694462479407, 0.4126448282681834)",0.058690,"(0.055289137155989626, 0.06248091904638213)",0.013016,"(0.010335025664259681, 0.0186431758408493)",0.012212,"(0.009553073345337355, 0.018147195503663942)",-0.111068,0.830872
p_mode,train_fixed,latent_misreport,all_first,13171,245,0.077747,0.818393,"(0.8022637499036752, 0.8327050292049043)",0.343788,"(0.3193253713859451, 0.37510191379202845)",0.060374,"(0.0570067095320089, 0.06376713977909731)",0.007900,"(0.004853161660401285, 0.012873629444277633)",0.007214,"(0.005334770297546676, 0.012771095200875536)",-0.055135,0.953348
p_mode,cue_conditioned,latent_misreport,all_first,13171,245,0.077747,0.811935,"(0.7955811849548224, 0.8287886896810429)",0.376136,"(0.34422063584627466, 0.4083009625363309)",0.058851,"(0.05536195025656613, 0.06233291693523392)",0.012729,"(0.010136112335905093, 0.01804916705461558)",0.012939,"(0.010021100501540309, 0.018660446019001378)",-0.101355,0.834844
p_wrong,legacy,wrong_report,all_first_incl_unknown,13171,245,0.084580,0.762274,"(0.749122704205047, 0.7735043693476397)",0.157797,"(0.14774867408199313, 0.16639261796100177)",0.178543,"(0.17239229446852258, 0.18460760170632914)",0.155523,"(0.14913512628958803, 0.16221255746574914)",0.131925,"(0.1244512633783632, 0.1395312624759576)",-2.264702,0.020688
p_wrong,oracle,wrong_report,all_first_incl_unknown,13171,245,0.084580,0.756116,"(0.7430815657041986, 0.7676807927721994)",0.154086,"(0.14433148411306115, 0.16321876812036856)",0.177605,"(0.17200119831433808, 0.18310701242266603)",0.130395,"(0.12536498537452245, 0.13771409350214692)",0.129391,"(0.12405616906410591, 0.13686312985350618)",-2.285950,0.017177
p_wrong,train_fixed,wrong_report,all_first_incl_unknown,13171,245,0.084580,0.751680,"(0.7374854843879758, 0.7637860461235539)",0.152066,"(0.14260381262612457, 0.16172556719541611)",0.178339,"(0.17276823815201103, 0.18406244221238036)",0.130311,"(0.12537763843083607, 0.13772995022693524)",0.128028,"(0.12303108229289435, 0.13671714917349445)",-2.288326,0.016049
p_wrong,cue_conditioned,wrong_report,all_first_incl_unknown,13171,245,0.084580,0.754833,"(0.7415259673801077, 0.768429451245609)",0.153541,"(0.14411162336839267, 0.16360834737709362)",0.177631,"(0.17181960731960383, 0.18359236497119)",0.128433,"(0.12426148598496313, 0.1366367564732215)",0.128120,"(0.12308407433236183, 0.13612989769649758)",-2.287117,0.016143
p_wrong,legacy,wrong_report,all_first_nonunknown,11584,245,0.096167,0.877817,"(0.8654363502797454, 0.8907693516049306)",0.531752,"(0.49746153569923723, 0.5660645848282972)",0.066004,"(0.062143080431662, 0.07005145369152245)",0.039830,"(0.03579499078885372, 0.044645658181186085)",0.038899,"(0.034595610227545225, 0.043342332078078374)",0.308573,0.823421
p_wrong,oracle,wrong_report,all_first_nonunknown,11584,245,0.096167,0.870725,"(0.8561618994308455, 0.884226248403906)",0.489694,"(0.45647342810252994, 0.5231732526918706)",0.064937,"(0.061339414262625055, 0.06847113965126353)",0.011259,"(0.008017206005886289, 0.01697920171931809)",0.010457,"(0.006476211548511347, 0.016127107916568666)",-0.062507,0.911672
p_wrong,train_fixed,wrong_report,all_first_nonunknown,11584,245,0.096167,0.865616,"(0.8510335440269235, 0.8796406727835552)",0.476095,"(0.4422539553458118, 0.5119261653408715)",0.065772,"(0.062268661271246, 0.06928294845861516)",0.011164,"(0.007435756610492811, 0.01753300713974875)",0.009677,"(0.0063281053576215995, 0.016333015565529865)",-0.112080,0.912697
p_wrong,cue_conditioned,wrong_report,all_first_nonunknown,11584,245,0.096167,0.869248,"(0.8542922614527316, 0.8837962358050472)",0.488821,"(0.4524554043408653, 0.5235219056338367)",0.064967,"(0.0614812834835433, 0.06888070830081215)",0.009029,"(0.007057597200607952, 0.01589741384366571)",0.009728,"(0.006108354898198368, 0.015894338555511648)",-0.045047,0.920224
