ablated_strategy,noise_rate,posterior_threshold,cases_per_seed,seeds,full_accuracy,ablated_accuracy,accuracy_difference,accuracy_difference_ci_low,accuracy_difference_ci_high,full_average_questions,ablated_average_questions,question_difference,question_difference_ci_low,question_difference_ci_high,full_brier_score,ablated_brier_score,brier_improvement,brier_improvement_ci_low,brier_improvement_ci_high,full_only_correct,ablated_only_correct,mcnemar_max_p
direct_reliable,0.0,0.6,4836,3,0.8870967741935484,0.795767852219465,0.09132892197408327,0.08222704714640199,0.101392335263303,5.386683209263854,3.556934105321202,1.829749103942652,1.74758064516129,1.9086038737248416,0.19391977227003662,0.29699280001460465,0.10307302774456804,0.09104125534873123,0.11453266216811804,1693,368,1.390134559681747e-63
direct_reliable,0.0,0.7,4836,3,0.9202508960573477,0.846774193548387,0.07347670250896057,0.0650658257513096,0.08195650675489384,5.876895505927764,3.7801902398676592,2.0967052660601047,2.0103356768679346,2.183278191342707,0.13822198820665935,0.24257076057165003,0.10434877236499067,0.09255709790223389,0.11487792592407531,1360,294,2.0478009135728948e-51
direct_reliable,0.0,0.8,4836,3,0.9379652605459058,0.8795836779707747,0.05838158257513096,0.050591053212020946,0.06568961952026468,6.296939619520264,4.0559691204852495,2.2409704990350154,2.15513682106424,2.3302074717397296,0.10387039407361794,0.20226844372288855,0.0983980496492706,0.08740514201083727,0.1101341063625132,1134,287,1.7047415164573906e-37
direct_reliable,0.0,0.85,4836,3,0.9432726771436449,0.8915081334436173,0.05176454370002757,0.04494072236007719,0.058521160738902664,6.677074717397297,4.207264957264957,2.4698097601323408,2.3788116901020127,2.5598325062034744,0.09120846036932635,0.1850360123462916,0.09382755197696525,0.08242276219922978,0.10446653759816953,1033,282,1.5377370039831091e-32
direct_reliable,0.0,0.9,4836,3,0.9471326164874552,0.9081196581196581,0.03901295836779708,0.03239591949269369,0.04535773366418525,7.141990625861593,4.45795423214778,2.684036393713813,2.5896712158808928,2.771989591949269,0.0825227107674429,0.1595047510792017,0.07698204031175877,0.06583412812943118,0.08768696413440401,855,289,5.124148192823124e-21
direct_reliable,0.0,0.95,4836,3,0.949820788530466,0.9253515301902399,0.02446925834022608,0.01874827681279294,0.030465949820788527,7.787772263578716,4.7182244279018475,3.069547835676868,2.9818014199062586,3.1633805486628064,0.07569743392839136,0.12865574499635687,0.052958311067965516,0.04400082575236945,0.061943652255504564,664,309,4.3372055753325703e-10
direct_reliable,0.1,0.6,4836,3,0.8219602977667494,0.734835952577888,0.08712434518886131,0.07892025089605734,0.0953973669699476,5.822098152743314,3.654742211193824,2.16735594154949,2.0929073614557487,2.249658808933003,0.2852817588249663,0.4070955812773671,0.12181382245240081,0.11031994612818577,0.1329681703046899,1803,539,8.183898715491728e-45
direct_reliable,0.1,0.7,4836,3,0.8520126826578439,0.7766749379652605,0.07533774469258339,0.0673404328646264,0.08285084091535704,6.413633857182244,3.890474221119382,2.523159636062862,2.4374655362558593,2.609668803418803,0.23425185859728445,0.36916082946333945,0.134908970866055,0.12364940632130642,0.14637976237175776,1615,522,7.458712658284511e-36
direct_reliable,0.1,0.8,4836,3,0.8718637992831542,0.8023848910945685,0.06947890818858561,0.06237937689550592,0.07685587262200164,6.945409429280397,4.1788668320926385,2.7665425971877586,2.683326440584505,2.852222911497105,0.19787145589998836,0.3441864792211658,0.1463150233211775,0.13396856552647932,0.1578002709735734,1501,493,2.1253347291023517e-33
direct_reliable,0.1,0.85,4836,3,0.8794458229942101,0.8119658119658121,0.06748001102839812,0.06065618968844776,0.07485697546181416,7.350771987868762,4.3524262475875375,2.9983457402812244,2.9041873449131512,3.0959556796250345,0.1809383379911544,0.3333797766452415,0.15244143865408707,0.1408281888617281,0.16395925362247296,1485,506,2.2101789043221998e-32
direct_reliable,0.1,0.9,4836,3,0.8879239040529363,0.8257513096222774,0.06217259443065894,0.05548490488006617,0.06885856079404466,7.869175627240144,4.58857182244279,3.2806038047973534,3.194234215605183,3.375930521091811,0.1620846527631777,0.31502233641775906,0.15293768365458135,0.14096618034907807,0.16461767348781697,1415,513,2.7244813804839096e-28
direct_reliable,0.1,0.95,4836,3,0.894403087951475,0.8380204025365315,0.05638268541494347,0.04962606837606837,0.06334608491866556,8.588158257513095,4.875792666115246,3.7123655913978495,3.618818927488282,3.81107664736697,0.1476410438851742,0.29554221090050764,0.14790116701533346,0.137099597629704,0.15927126599779726,1360,542,1.2226666260444848e-26
direct_reliable,0.2,0.6,4836,3,0.7407637165701683,0.6677005789909015,0.07306313757926661,0.06444720154397574,0.08140508684863522,6.2424179762889445,3.7134684312103663,2.5289495450785773,2.4459453405017926,2.608359181141439,0.4010429644210123,0.5302504211959436,0.1292074567749313,0.11753072956670292,0.14063929055402222,1854,794,3.3529212108845114e-28
direct_reliable,0.2,0.7,4836,3,0.7736421284808381,0.7039564378274056,0.0696856906534326,0.06162117452440033,0.07740556934105321,6.9584367245657575,3.9583677970774747,3.0000689274882824,2.9110783705541774,3.0871277915632755,0.3494746062987116,0.5039989676083868,0.1545243613096753,0.1421770514212044,0.16606273900283502,1779,768,1.2692570521008941e-27
direct_reliable,0.2,0.8,4836,3,0.7935621725944307,0.7261510890543148,0.0674110835401158,0.059275916735594146,0.07485525227460711,7.563688999172871,4.256203473945409,3.307485525227461,3.218403639371381,3.402229804245933,0.3133128674773951,0.4883725667562006,0.17505969927880544,0.16240787310581714,0.18769123119187686,1743,765,4.3666653291052255e-28
direct_reliable,0.2,0.85,4836,3,0.8014888337468982,0.7343534601599119,0.06713537358698649,0.05962227736421284,0.07485525227460711,8.016956162117452,4.442996967190516,3.573959194926937,3.4843534601599124,3.6672921836228287,0.2942072536489176,0.48170966244029606,0.18750240879137844,0.1748225049311098,0.20097706914866265,1741,767,2.4978312865253506e-26
direct_reliable,0.2,0.9,4836,3,0.8112765370829887,0.7445547284256961,0.06672180865729252,0.0590019299696719,0.0741677005789909,8.617659222497933,4.699407223600772,3.9182519988971602,3.82284429280397,4.008550454921424,0.27130479730468565,0.4711016706668773,0.19979687336219165,0.18661253554010482,0.21350838088624577,1756,788,5.289875991867192e-26
direct_reliable,0.2,0.95,4836,3,0.8205128205128206,0.7508271298593879,0.0696856906534326,0.062103666942376616,0.07713158257513096,9.395092362834298,4.99793217535153,4.397160187482768,4.297821891370279,4.492983181692859,0.24897678343552743,0.46439409591433983,0.21541731247881243,0.20319490830607356,0.23004201576532912,1824,813,6.5934734790131e-28
direct_reliable,0.3,0.6,4836,3,0.6609456851392336,0.6065618968844775,0.054383788254755996,0.046179693961952026,0.06286186931348221,6.609525778880617,3.759925558312655,2.8496002205679622,2.770464571271023,2.935364971050455,0.5188996663814597,0.6431056684471791,0.1242060020657193,0.11226313533317858,0.13619855553324625,1785,996,1.9983485344197377e-15
direct_reliable,0.3,0.7,4836,3,0.6855527984560243,0.6355803694513372,0.04997242900468707,0.04218362282878412,0.058176523297491026,7.395092362834298,4.019437551695616,3.375654811138682,3.285001378549766,3.4708436724565757,0.48162338375453867,0.6312184652329478,0.14959508147840905,0.13730651325615875,0.16177231885120022,1756,1031,1.3045786836355381e-12
direct_reliable,0.3,0.8,4836,3,0.7049214226633582,0.6523297491039427,0.05259167355941549,0.04445822994210091,0.06058898538737248,8.122553074165976,4.34835952577888,3.774193548387097,3.682725048249242,3.862637854976564,0.44782212446345554,0.628451779652358,0.18062965518890253,0.16742672008185044,0.19422542506013404,1804,1041,6.1799555445588725e-15
direct_reliable,0.3,0.85,4836,3,0.7109870416322028,0.6584642955610698,0.05252274607113317,0.04418079680176454,0.060794044665012405,8.563482216708023,4.558381582575131,4.0051006341328925,3.9118331265508686,4.100566928591123,0.4312160484168275,0.6271871716287417,0.19597112321191418,0.1823270331757054,0.20952873695164992,1806,1044,1.9059905166951876e-13
direct_reliable,0.3,0.9,4836,3,0.7215329473393989,0.6677695064791839,0.053763440860215055,0.04555934656741108,0.06196581196581196,9.227460711331679,4.808312655086849,4.419148056244831,4.324779432037497,4.517585125448028,0.40471029913277995,0.6198033464383483,0.21509304730556847,0.20064055317182905,0.22882188166356138,1851,1071,6.402492704800581e-13
direct_reliable,0.3,0.95,4836,3,0.7302178108629721,0.6717673007995589,0.05845051006341328,0.050799558864074994,0.0663099669148056,10.038185828508409,5.131789357595809,4.9063964709126,4.805760614833195,5.002076440584505,0.3802498788274789,0.6187345096807324,0.2384846308532535,0.22463648342745354,0.2530333594903394,1952,1104,1.2920067685777596e-14
no_misreport,0.0,0.6,4836,3,0.8870967741935484,0.8531844499586435,0.03391232423490488,0.026811069754618142,0.041218637992831535,5.386683209263854,4.276537082988696,1.1101461262751586,1.0491384063964708,1.1731458505652053,0.19391977227003662,0.23251883603621196,0.03859906376617537,0.030001632543262557,0.04735614681992559,845,353,3.426553852268262e-14
no_misreport,0.0,0.7,4836,3,0.9202508960573477,0.89840088227185,0.021850013785497658,0.015853322304935205,0.02791563275434243,5.876895505927764,4.722704714640199,1.1541907912875655,1.0990488006617039,1.2167786738351256,0.13822198820665935,0.16815587431050796,0.02993388610384857,0.022109501700118356,0.03788675625402795,610,293,6.219210238267997e-08
no_misreport,0.0,0.8,4836,3,0.9379652605459058,0.9296250344637441,0.008340226082161567,0.003101736972704715,0.014061207609594704,6.296939619520264,5.161497105045492,1.1354425144747726,1.0833919216983732,1.1882444168734492,0.10387039407361794,0.11813268565742215,0.014262291583804213,0.007281506261562873,0.02153098512876299,430,309,0.062071437574800215
no_misreport,0.0,0.85,4836,3,0.9432726771436449,0.9381720430107526,0.005100634132892197,0.0004824924179762888,0.01006513647642679,6.677074717397297,5.49524400330852,1.1818307140887785,1.1270333609043286,1.2359405155776124,0.09120846036932635,0.10050330250480766,0.009294842135481304,0.0033751605649667655,0.015380098292579344,348,274,0.32341179389961955
no_misreport,0.0,0.9,4836,3,0.9471326164874552,0.9449269368624207,0.0022056796250344637,-0.0024124620898814445,0.006687689550592766,7.141990625861593,5.833195478356768,1.308795147504825,1.2513733802040252,1.362293217535153,0.0825227107674429,0.0872402267190235,0.0047175159515805915,-0.0007874652763204299,0.010690417989058466,307,275,0.6659330459055653
no_misreport,0.0,0.95,4836,3,0.949820788530466,0.953405017921147,-0.003584229390681003,-0.007719878687620622,0.0006203473945409428,7.787772263578716,6.403432588916459,1.3843396746622554,1.3269902812241523,1.4452060931899642,0.07569743392839136,0.06995352496206504,-0.00574390896632631,-0.010394117229392265,-0.0015928177868049858,222,274,0.35313775401238945
no_misreport,0.1,0.6,4836,3,0.8219602977667494,0.7905982905982906,0.03136200716845878,0.025294665012406944,0.03777226357871519,5.822098152743314,4.558243727598566,1.2638544251447477,1.2067772952853597,1.3228649710504548,0.2852817588249663,0.333465312699255,0.04818355387428861,0.04023070460226082,0.055481364918380044,929,474,5.091941951957439e-08
no_misreport,0.1,0.7,4836,3,0.8520126826578439,0.8318858560794045,0.02012682657843948,0.014541976840363936,0.02543424317617866,6.413633857182244,5.077198786876206,1.3364350703060381,1.278258547008547,1.3935776812792944,0.23425185859728445,0.27772209965578165,0.043470241058497255,0.03598304413585964,0.05117041351897435,762,470,0.0036354807396623825
no_misreport,0.1,0.8,4836,3,0.8718637992831542,0.8581472291149711,0.01371657016818307,0.008684863523573201,0.01874827681279294,6.945409429280397,5.586710780259168,1.3586986490212298,1.3043768955059278,1.4118520816101459,0.19787145589998836,0.23614544947922608,0.0382739935792377,0.030935258501648362,0.04582006429619121,656,457,0.024859328990188986
no_misreport,0.1,0.85,4836,3,0.8794458229942101,0.869313482216708,0.010132340777502068,0.00572098152743314,0.015164047422111937,7.350771987868762,5.966432313206507,1.3843396746622554,1.3329197684036393,1.442447270471464,0.1809383379911544,0.21452978907618936,0.033591451085034946,0.02678921490747509,0.04100364833903031,592,445,0.10309309878067635
no_misreport,0.1,0.9,4836,3,0.8879239040529363,0.8794458229942101,0.00847808105872622,0.003997794320374965,0.012958367797077474,7.869175627240144,6.380204025365316,1.4889716018748278,1.435483870967742,1.5459057071960298,0.1620846527631777,0.19470949292379824,0.03262484016062054,0.026003548826091568,0.03944557585239118,561,438,0.22227820428713146
no_misreport,0.1,0.95,4836,3,0.894403087951475,0.8915081334436173,0.0028949545078577332,-0.0016542597187758476,0.00730631375792666,8.588158257513095,7.038737248414667,1.5494210090984284,1.4926195891921696,1.6080800248138958,0.1476410438851742,0.1684834122056403,0.020842368320466084,0.014975306525816395,0.027180885568835255,477,435,0.6891039860610977
no_misreport,0.2,0.6,4836,3,0.7407637165701683,0.7173972980424593,0.02336641852770885,0.017369727047146403,0.029778398125172308,6.2424179762889445,4.793079680176454,1.4493382961124897,1.3910928453267164,1.5086865867107804,0.4010429644210123,0.4495722951490066,0.0485293307279943,0.04009126663000135,0.056430860220894496,988,649,0.00011180620435628545
no_misreport,0.2,0.7,4836,3,0.7736421284808381,0.7530328094844224,0.020609318996415767,0.01488833746898263,0.026399228012131237,6.9584367245657575,5.39454094292804,1.563895781637717,1.5072304935208163,1.619935552798456,0.3494746062987116,0.4046415742972214,0.05516696799850992,0.04728072075590332,0.06365720331579348,898,599,0.0004814158514733234
no_misreport,0.2,0.8,4836,3,0.7935621725944307,0.7767438654535429,0.016818307140887785,0.011440239867659222,0.022263578715191617,7.563688999172871,5.9941411634960025,1.569547835676868,1.516111800385994,1.6284119106699753,0.3133128674773951,0.3709776645212737,0.05766479704387851,0.049512341050930476,0.06578804079423663,849,605,0.0019015482540108053
no_misreport,0.2,0.85,4836,3,0.8014888337468982,0.7854976564653984,0.01599117728149986,0.010683760683760684,0.02129859387923904,8.016956162117452,6.396539840088227,1.6204163220292251,1.5654087400055143,1.675722015439757,0.2942072536489176,0.35358048935724035,0.05937323570832278,0.05200240894290962,0.06767420290697217,823,591,0.0015017104199245596
no_misreport,0.2,0.9,4836,3,0.8112765370829887,0.7988006617038875,0.012475875379101185,0.007442445547284257,0.017576509511993382,8.617659222497933,6.915908464295561,1.701750758202371,1.6439205955334988,1.7583436724565757,0.27130479730468565,0.32653596409037217,0.0552311667856865,0.04807125080231368,0.06319725920657407,774,593,0.06348657098891233
no_misreport,0.2,0.95,4836,3,0.8205128205128206,0.8112076095947064,0.009305210918114143,0.004342431761786601,0.014336917562724013,9.395092362834298,7.664874551971327,1.7302178108629722,1.6735525227460712,1.787772263578715,0.24897678343552743,0.29603437977078684,0.047057596335259466,0.040038210867271266,0.0546778678417018,722,587,0.29480552033307833
no_misreport,0.3,0.6,4836,3,0.6609456851392336,0.6468155500413565,0.014130135097877033,0.00826785221946512,0.02012682657843948,6.609525778880617,5.045767852219465,1.5637579266611523,1.5073666253101738,1.6253101736972704,0.5188996663814597,0.5664285910079693,0.047528924626509615,0.03976151156481072,0.055451295605454656,971,766,0.07709135118060934
no_misreport,0.3,0.7,4836,3,0.6855527984560243,0.6729390681003583,0.012613730355665839,0.0073045905707196015,0.018265784394816652,7.395092362834298,5.70616211745244,1.6889302453818584,1.6290201957540669,1.7467638544251445,0.48162338375453867,0.5392336355968141,0.05761025184227549,0.04887883874303596,0.0662355907476226,917,734,0.011502619559178863
no_misreport,0.3,0.8,4836,3,0.7049214226633582,0.6885856079404467,0.0163358147229115,0.010682037496553625,0.022125723738626965,8.122553074165976,6.368417424869038,1.7541356492969395,1.6922335952577887,1.8115643093465676,0.44782212446345554,0.5184947306830521,0.07067260621959658,0.06159216987272391,0.0794243859785566,943,706,0.0171701362368493
no_misreport,0.3,0.85,4836,3,0.7109870416322028,0.6941687344913152,0.016818307140887785,0.01123345740281224,0.022196374414116336,8.563482216708023,6.825062034739454,1.738420181968569,1.678141370278467,1.7945978081058727,0.4312160484168275,0.5070401237974693,0.07582407538064184,0.06727302050025885,0.08450079332913266,937,693,0.010283910821289537
no_misreport,0.3,0.9,4836,3,0.7215329473393989,0.7068513923352633,0.014681555004135649,0.00916735594154949,0.020264681555004136,9.227460711331679,7.41322029225255,1.8142404190791286,1.7573631789357598,1.8703680727874277,0.40471029913277995,0.47981296810204754,0.07510266896926761,0.06668786557194586,0.08384502270170997,911,698,0.03211771799315687
no_misreport,0.3,0.95,4836,3,0.7302178108629721,0.7183622828784119,0.011855527984560242,0.006270678246484697,0.01737145023435345,10.038185828508409,8.208988144472016,1.8291976840363937,1.7682623380204023,1.8917338709677416,0.3802498788274789,0.4480026034067193,0.06775272457924042,0.059711026650211184,0.07580094293745164,875,703,0.0391923368214874
unknown_as_negative,0.0,0.6,4836,3,0.8870967741935484,0.7880479735318445,0.09904880066170389,0.08981251723187206,0.1087710228839261,5.386683209263854,3.5336366142817752,1.853046594982079,1.772809829059829,1.9323855803694512,0.19391977227003662,0.3090303463531267,0.11511057408309011,0.1034166584717654,0.12614283398170004,1801,364,2.0370741177053976e-71
unknown_as_negative,0.0,0.7,4836,3,0.9202508960573477,0.8391232423490488,0.08112765370829887,0.07285463192721256,0.0891232423490488,5.876895505927764,3.755238489109457,2.121657016818307,2.0397625448028673,2.2086486765922246,0.13822198820665935,0.25467695352402336,0.116454965317364,0.10528947106919734,0.12786904568952445,1469,292,6.747298284348739e-57
unknown_as_negative,0.0,0.8,4836,3,0.9379652605459058,0.8721395092362835,0.06582575130962227,0.05762338020402536,0.07348014888337469,6.296939619520264,4.032395919492694,2.264543700027571,2.1778932313206507,2.3509891094568514,0.10387039407361794,0.21437042321435315,0.11050002914073517,0.09893501635794583,0.12219699249671125,1235,280,1.6145684108191868e-43
unknown_as_negative,0.0,0.85,4836,3,0.9432726771436449,0.8839261097325614,0.05934656741108354,0.05190239867659222,0.06672180865729252,6.677074717397297,4.181968569065344,2.495106148331955,2.408529776674938,2.5849203887510344,0.09120846036932635,0.19728559234440915,0.10607713197508277,0.09512450263906652,0.1176155500107999,1134,273,3.7735451875978525e-39
unknown_as_negative,0.0,0.9,4836,3,0.9471326164874552,0.9007444168734491,0.04638819961400606,0.039495450785773364,0.05314481665288116,7.141990625861593,4.436793493245106,2.7051971326164876,2.6104735318444994,2.798602495175076,0.0825227107674429,0.17155174499193693,0.089029034224494,0.07852942412661744,0.10052427232306954,952,279,3.43447282918361e-27
unknown_as_negative,0.0,0.95,4836,3,0.949820788530466,0.9183209263854426,0.031499862145023434,0.025296388199614005,0.03763613178935759,7.787772263578716,4.69609870416322,3.091673559415495,3.0030310862972156,3.1839037082988697,0.07569743392839136,0.1399452017411484,0.06424776781275705,0.05527261544397355,0.07378800695849917,758,301,1.7310435892034494e-14
unknown_as_negative,0.1,0.6,4836,3,0.8219602977667494,0.6947890818858561,0.1271712158808933,0.11758857182244277,0.1365470774744968,5.822098152743314,3.5778880617590296,2.2442100909842844,2.1669337606837606,2.325958092087124,0.2852817588249663,0.4698182829738135,0.18453652414884714,0.17185733312746054,0.19656904827808483,2419,574,9.260659699892014e-81
unknown_as_negative,0.1,0.7,4836,3,0.8520126826578439,0.7334574028122415,0.11855527984560241,0.11035118555279844,0.1275865039977943,6.413633857182244,3.7960435621725943,2.61759029500965,2.52419182519989,2.7062431072511712,0.23425185859728445,0.4381722167486379,0.20392035815135345,0.1911212328370036,0.2167522483885727,2267,547,4.115235885414691e-74
unknown_as_negative,0.1,0.8,4836,3,0.8718637992831542,0.7610283981251723,0.11083540115798181,0.10256410256410256,0.11924455472842568,6.945409429280397,4.106561896884478,2.8388475323959192,2.7483198924731185,2.9294906258615936,0.19787145589998836,0.4133255213488621,0.21545406544887374,0.2027541300142061,0.2283916699277033,2122,514,4.240551667877217e-70
unknown_as_negative,0.1,0.85,4836,3,0.8794458229942101,0.7710228839261098,0.10842293906810034,0.10022056796250343,0.1164909015715467,7.350771987868762,4.2727460711331675,3.0780259167355943,2.9915201957540667,3.1690808519437557,0.1809383379911544,0.4023195192297768,0.22138118123862238,0.20831851108682095,0.2341626494284185,2094,521,7.560994004354856e-69
unknown_as_negative,0.1,0.9,4836,3,0.8879239040529363,0.787082988695892,0.10084091535704438,0.09339674662255307,0.10849358974358973,7.869175627240144,4.527708850289495,3.341466776950648,3.2431710090984285,3.433350565205404,0.1620846527631777,0.3814273429114825,0.21934269014830476,0.20655856834445088,0.2325014520225794,1984,521,1.7249492781613541e-62
unknown_as_negative,0.1,0.95,4836,3,0.894403087951475,0.8038323683484974,0.09057071960297766,0.08326268265784394,0.09767369727047145,8.588158257513095,4.814791838985387,3.7733664185277087,3.681551557761235,3.869106699751861,0.1476410438851742,0.3544874176200153,0.20684637373484113,0.19426852629119393,0.21888986959084394,1860,546,9.825721734072285e-56
unknown_as_negative,0.2,0.6,4836,3,0.7407637165701683,0.6093879239040529,0.13137579266611524,0.12172594430658946,0.1404742211193824,6.2424179762889445,3.554659498207885,2.687758478081059,2.600136131789357,2.768894747725393,0.4010429644210123,0.622251682404794,0.2212087179837817,0.207603223214975,0.23376630846874166,2735,829,3.463179298862364e-75
unknown_as_negative,0.2,0.7,4836,3,0.7736421284808381,0.638268541494348,0.1353735869864902,0.12586159360352908,0.14412737799834574,6.9584367245657575,3.7655776123518057,3.192859112213951,3.1000809897987316,3.2804866280672726,0.3494746062987116,0.6080453896605369,0.25857078336182526,0.24455301013490063,0.2718512098858464,2763,799,1.6227442742165514e-83
unknown_as_negative,0.2,0.8,4836,3,0.7935621725944307,0.6632892197408327,0.13027295285359802,0.12110387372484145,0.13930245381858283,7.563688999172871,4.105527984560243,3.4581610146126276,3.362829128756548,3.5542614419630554,0.3133128674773951,0.5930992801740148,0.27978641269661964,0.26549244167813063,0.29435847475967475,2688,798,9.463277369542623e-79
unknown_as_negative,0.2,0.85,4836,3,0.8014888337468982,0.6716294458229942,0.12985938792390406,0.12096601874827681,0.13881996140060654,8.016956162117452,4.281499862145023,3.7354562999724292,3.6404587124345187,3.830931210366695,0.2942072536489176,0.5874868564511708,0.29327960280225324,0.27790644995755287,0.308267906383625,2677,793,3.520688151924109e-75
unknown_as_negative,0.2,0.9,4836,3,0.8112765370829887,0.6852770885028949,0.12599944858009374,0.11690102012682656,0.13447925282602702,8.617659222497933,4.554177005789909,4.063482216708024,3.967948717948718,4.161514336917563,0.27130479730468565,0.5729520521289695,0.3016472548242839,0.2867629696841004,0.31662707656479516,2650,822,9.813084110991473e-73
unknown_as_negative,0.2,0.95,4836,3,0.8205128205128206,0.6986490212296664,0.1218637992831541,0.11297043010752686,0.13082437275985662,9.395092362834298,4.8687620623104495,4.526330300523849,4.428513578715193,4.624724290046871,0.24897678343552743,0.5553312614498417,0.3063544780143143,0.29149415213931723,0.32115868475611237,2606,838,7.644345213710168e-67
unknown_as_negative,0.3,0.6,4836,3,0.6609456851392336,0.5420457678522195,0.11889991728701406,0.1093189964157706,0.12813620071684587,6.609525778880617,3.5214364488558036,3.088089330024814,3.002116073890267,3.1749465811965814,0.5188996663814597,0.7460576193570935,0.22715795297563376,0.21270316477272855,0.2410366737835827,2797,1072,1.8507135078768732e-51
unknown_as_negative,0.3,0.7,4836,3,0.6855527984560243,0.5638268541494348,0.12172594430658946,0.1118003859939344,0.1315136476426799,7.395092362834298,3.7256685966363388,3.6694237661979594,3.577472773642128,3.7611111111111106,0.48162338375453867,0.7446993909673266,0.2630760072127879,0.24835201626172065,0.2770348953584159,2853,1087,2.58858747555643e-54
unknown_as_negative,0.3,0.8,4836,3,0.7049214226633582,0.5802315963606287,0.12468982630272953,0.11490212296663911,0.13427247036118,8.122553074165976,4.104287289771161,4.018265784394816,3.9181813482216703,4.118257168458781,0.44782212446345554,0.7470043924672778,0.29918226800382225,0.2840053239932523,0.3147292417195509,2890,1081,1.2689979290434117e-58
unknown_as_negative,0.3,0.85,4836,3,0.7109870416322028,0.5863661428177557,0.1246208988144472,0.11496932726771436,0.13475668596636337,8.563482216708023,4.276330300523849,4.2871519161841745,4.190922249793217,4.386628067273229,0.4312160484168275,0.7468495495864769,0.3156335011696495,0.30041843451021555,0.3324835704980788,2892,1084,7.809155428157586e-58
unknown_as_negative,0.3,0.9,4836,3,0.7215329473393989,0.598014888337469,0.12351805900192996,0.11414219740832643,0.13289219740832645,9.227460711331679,4.549352081610146,4.678108629721533,4.58167735042735,4.776847256685966,0.40471029913277995,0.7387807506797491,0.3340704515469691,0.317790931951709,0.3507404921996265,2882,1090,3.160314207305025e-54
unknown_as_negative,0.3,0.95,4836,3,0.7302178108629721,0.6098014888337469,0.12041632202922524,0.11042183622828784,0.1299972429004687,10.038185828508409,4.890198511166253,5.147987317342157,5.046662186379929,5.247849462365592,0.3802498788274789,0.7264117360336825,0.34616185720620346,0.32962129844284954,0.3624088856099803,2850,1103,6.760003944637509e-53
