subset,comparison,a,b,level,metric,statistic,point_estimate,boot_mean,ci_low,ci_high,boot_std,n_pairs
primary,ranking,rank_only_w1.0,rank_only_w0.0,0.0,top1,mean_paired_delta,0.00045351,0.00044444,0.0,0.00136054,0.00043698,2205
primary,ranking,rank_only_w1.0,rank_only_w0.0,0.0,top3,mean_paired_delta,0.00045351,0.00044444,0.0,0.00136054,0.00043698,2205
primary,ranking,rank_only_w1.0,rank_only_w0.0,0.0,brier,mean_paired_delta,-0.00014171,-0.00013713,-0.00079036,0.00042826,0.00030976,2205
primary,ranking,rank_only_w1.0,rank_only_w0.0,0.0,nll,mean_paired_delta,-0.00077779,-0.0007588,-0.00315147,0.00071709,0.00104125,2205
primary,ranking,rank_only_w1.0,rank_only_w0.0,0.0,margin,mean_paired_delta,-3.737e-05,-3.801e-05,-0.00042112,0.00025218,0.00017688,2205
primary,ranking,rank_only_w1.0,rank_only_w0.0,0.0,total_questions,mean_paired_delta,0.00408163,0.00408272,0.00181406,0.00680272,0.00131347,2205
primary,ranking,rank_only_w1.0,rank_only_w0.0,0.0,unnecessary_verification_rate,rate_delta,-0.00729647,-0.00719402,-0.03166803,0.0074129,0.01068896,2205
primary,ranking,rank_only_w1.0,rank_only_w0.0,0.0,conflict_resolution_rate,rate_delta,0.00729647,0.00719402,-0.00740741,0.03167421,0.01068896,2205
primary,ranking,rank_only_w1.0,rank_only_w0.0,0.1,top1,mean_paired_delta,0.00181406,0.00181152,-0.00181406,0.00544218,0.00186758,2205
primary,ranking,rank_only_w1.0,rank_only_w0.0,0.1,top3,mean_paired_delta,0.00181406,0.00182172,-0.00090703,0.00498866,0.00153873,2205
primary,ranking,rank_only_w1.0,rank_only_w0.0,0.1,brier,mean_paired_delta,-0.00239911,-0.0024091,-0.00590095,0.00096607,0.00175285,2205
primary,ranking,rank_only_w1.0,rank_only_w0.0,0.1,nll,mean_paired_delta,-0.0060443,-0.00606787,-0.01769526,0.00448007,0.00564437,2205
primary,ranking,rank_only_w1.0,rank_only_w0.0,0.1,margin,mean_paired_delta,0.00120239,0.00120313,-0.00140318,0.00383673,0.00133026,2205
primary,ranking,rank_only_w1.0,rank_only_w0.0,0.1,total_questions,mean_paired_delta,0.03945578,0.03971429,0.01950113,0.06077098,0.01043702,2205
primary,ranking,rank_only_w1.0,rank_only_w0.0,0.1,unnecessary_verification_rate,rate_delta,-0.02843073,-0.02816437,-0.05022593,-0.00628464,0.01118011,2205
primary,ranking,rank_only_w1.0,rank_only_w0.0,0.1,conflict_resolution_rate,rate_delta,0.0297776,0.02951741,0.00775099,0.05138285,0.01114753,2205
primary,ranking,rank_only_w1.0,rank_only_w0.0,0.2,top1,mean_paired_delta,0.00181406,0.0017863,-0.00362812,0.00725624,0.00270828,2205
primary,ranking,rank_only_w1.0,rank_only_w0.0,0.2,top3,mean_paired_delta,0.00045351,0.00044181,-0.00408163,0.00498866,0.00232581,2205
primary,ranking,rank_only_w1.0,rank_only_w0.0,0.2,brier,mean_paired_delta,-0.00232222,-0.00230909,-0.00834241,0.00362374,0.00304694,2205
primary,ranking,rank_only_w1.0,rank_only_w0.0,0.2,nll,mean_paired_delta,-0.01418024,-0.01413945,-0.0321131,0.00317064,0.00900132,2205
primary,ranking,rank_only_w1.0,rank_only_w0.0,0.2,margin,mean_paired_delta,-0.00114449,-0.00117932,-0.00483194,0.00238516,0.00181487,2205
primary,ranking,rank_only_w1.0,rank_only_w0.0,0.2,total_questions,mean_paired_delta,0.06485261,0.06485583,0.03219955,0.10022676,0.01742121,2205
primary,ranking,rank_only_w1.0,rank_only_w0.0,0.2,unnecessary_verification_rate,rate_delta,-0.0274007,-0.02751839,-0.04599143,-0.00883029,0.00939648,2205
primary,ranking,rank_only_w1.0,rank_only_w0.0,0.2,conflict_resolution_rate,rate_delta,0.02269985,0.02282047,0.0044792,0.04099517,0.00924233,2205
primary,ranking,rank_only_w1.0,rank_only_w0.0,0.3,top1,mean_paired_delta,-0.00498866,-0.0049707,-0.01315193,0.0031746,0.00411738,2205
primary,ranking,rank_only_w1.0,rank_only_w0.0,0.3,top3,mean_paired_delta,-0.00090703,-0.00090349,-0.00770975,0.00589569,0.00353103,2205
primary,ranking,rank_only_w1.0,rank_only_w0.0,0.3,brier,mean_paired_delta,0.00828251,0.00826205,-0.00199859,0.01872635,0.00528292,2205
primary,ranking,rank_only_w1.0,rank_only_w0.0,0.3,nll,mean_paired_delta,0.00759552,0.00757197,-0.02367499,0.03858137,0.01602501,2205
primary,ranking,rank_only_w1.0,rank_only_w0.0,0.3,margin,mean_paired_delta,-0.00278122,-0.00280128,-0.00907522,0.00369788,0.00329625,2205
primary,ranking,rank_only_w1.0,rank_only_w0.0,0.3,total_questions,mean_paired_delta,0.06349206,0.06376635,0.02312925,0.10430839,0.02046635,2205
primary,ranking,rank_only_w1.0,rank_only_w0.0,0.3,unnecessary_verification_rate,rate_delta,-0.03571511,-0.03560737,-0.05617389,-0.01548077,0.01031557,2205
primary,ranking,rank_only_w1.0,rank_only_w0.0,0.3,conflict_resolution_rate,rate_delta,0.03349142,0.03337122,0.01319135,0.0534384,0.01020906,2205
primary,ranking,rank_only_w1.0,rank_only_w0.0,0.2+0.3,top1,mean_paired_delta,-0.0015873,-0.0015922,-0.00612245,0.00294785,0.00237113,4410
primary,ranking,rank_only_w1.0,rank_only_w0.0,0.2+0.3,top3,mean_paired_delta,-0.00022676,-0.00023084,-0.00408163,0.00385488,0.00201869,4410
primary,ranking,rank_only_w1.0,rank_only_w0.0,0.2+0.3,brier,mean_paired_delta,0.00298014,0.00297648,-0.00284912,0.00887365,0.00299481,4410
primary,ranking,rank_only_w1.0,rank_only_w0.0,0.2+0.3,nll,mean_paired_delta,-0.00329236,-0.00328374,-0.02069454,0.01403769,0.00888365,4410
primary,ranking,rank_only_w1.0,rank_only_w0.0,0.2+0.3,margin,mean_paired_delta,-0.00196286,-0.0019903,-0.00558514,0.00168193,0.00186768,4410
primary,ranking,rank_only_w1.0,rank_only_w0.0,0.2+0.3,total_questions,mean_paired_delta,0.06417234,0.06431109,0.03786848,0.09138322,0.01366414,4410
primary,ranking,rank_only_w1.0,rank_only_w0.0,0.2+0.3,unnecessary_verification_rate,rate_delta,-0.0315724,-0.03156727,-0.04515245,-0.01806948,0.00693585,4410
primary,ranking,rank_only_w1.0,rank_only_w0.0,0.2+0.3,conflict_resolution_rate,rate_delta,0.02831369,0.02830273,0.01479056,0.04177756,0.00685677,4410
primary,gating,joint_gate_w1.0,rank_only_w1.0,0.0,top1,mean_paired_delta,0.00226757,0.00227211,-0.00226757,0.00680272,0.00232568,2205
primary,gating,joint_gate_w1.0,rank_only_w1.0,0.0,top3,mean_paired_delta,-0.00045351,-0.00046916,-0.00226757,0.00136054,0.00099096,2205
primary,gating,joint_gate_w1.0,rank_only_w1.0,0.0,brier,mean_paired_delta,0.00142805,0.00143619,-0.00195578,0.00487393,0.00173558,2205
primary,gating,joint_gate_w1.0,rank_only_w1.0,0.0,nll,mean_paired_delta,0.00393265,0.00397018,-0.00314657,0.01143653,0.00371976,2205
primary,gating,joint_gate_w1.0,rank_only_w1.0,0.0,margin,mean_paired_delta,-0.00299347,-0.0029983,-0.00667996,0.00038384,0.00178804,2205
primary,gating,joint_gate_w1.0,rank_only_w1.0,0.0,total_questions,mean_paired_delta,0.09750567,0.09738426,0.07619048,0.11927438,0.01093649,2205
primary,gating,joint_gate_w1.0,rank_only_w1.0,0.0,unnecessary_verification_rate,rate_delta,-0.08313604,-0.08374321,-0.12871361,-0.03827751,0.02326275,2205
primary,gating,joint_gate_w1.0,rank_only_w1.0,0.0,conflict_resolution_rate,rate_delta,0.08313604,0.08374321,0.03833671,0.12871419,0.02326275,2205
primary,gating,joint_gate_w1.0,rank_only_w1.0,0.1,top1,mean_paired_delta,0.00090703,0.00091556,-0.00408163,0.00589569,0.00254355,2205
primary,gating,joint_gate_w1.0,rank_only_w1.0,0.1,top3,mean_paired_delta,0.00181406,0.00179565,-0.00226757,0.00589569,0.00202793,2205
primary,gating,joint_gate_w1.0,rank_only_w1.0,0.1,brier,mean_paired_delta,-0.00441422,-0.00442755,-0.00991607,0.0007388,0.00273468,2205
primary,gating,joint_gate_w1.0,rank_only_w1.0,0.1,nll,mean_paired_delta,-0.01432426,-0.01436221,-0.02944564,-0.00067667,0.00734053,2205
primary,gating,joint_gate_w1.0,rank_only_w1.0,0.1,margin,mean_paired_delta,0.00036352,0.00037391,-0.0033994,0.00417095,0.00191973,2205
primary,gating,joint_gate_w1.0,rank_only_w1.0,0.1,total_questions,mean_paired_delta,0.03265306,0.03228313,-0.00090703,0.06530612,0.01693008,2205
primary,gating,joint_gate_w1.0,rank_only_w1.0,0.1,unnecessary_verification_rate,rate_delta,-0.02545653,-0.02561709,-0.04597156,-0.00542027,0.01028288,2205
primary,gating,joint_gate_w1.0,rank_only_w1.0,0.1,conflict_resolution_rate,rate_delta,0.02622292,0.02635425,0.00636843,0.04682834,0.01027307,2205
primary,gating,joint_gate_w1.0,rank_only_w1.0,0.2,top1,mean_paired_delta,0.00408163,0.00409828,-0.00045351,0.00861678,0.00226239,2205
primary,gating,joint_gate_w1.0,rank_only_w1.0,0.2,top3,mean_paired_delta,0.00272109,0.00270807,-0.00090703,0.00634921,0.00186081,2205
primary,gating,joint_gate_w1.0,rank_only_w1.0,0.2,brier,mean_paired_delta,-0.00425071,-0.0042642,-0.00933725,0.00074466,0.00257252,2205
primary,gating,joint_gate_w1.0,rank_only_w1.0,0.2,nll,mean_paired_delta,-0.01228793,-0.01225605,-0.0265769,0.00199063,0.00727863,2205
primary,gating,joint_gate_w1.0,rank_only_w1.0,0.2,margin,mean_paired_delta,-0.00023226,-0.00024939,-0.00314295,0.00254065,0.00144657,2205
primary,gating,joint_gate_w1.0,rank_only_w1.0,0.2,total_questions,mean_paired_delta,-0.00770975,-0.007741,-0.03628118,0.02131519,0.01488533,2205
primary,gating,joint_gate_w1.0,rank_only_w1.0,0.2,unnecessary_verification_rate,rate_delta,-0.01424257,-0.01426417,-0.02508496,-0.00351477,0.00551329,2205
primary,gating,joint_gate_w1.0,rank_only_w1.0,0.2,conflict_resolution_rate,rate_delta,0.01340658,0.01342373,0.00280303,0.02424799,0.00547242,2205
primary,gating,joint_gate_w1.0,rank_only_w1.0,0.3,top1,mean_paired_delta,0.00544218,0.00543184,0.00045351,0.01043084,0.00254039,2205
primary,gating,joint_gate_w1.0,rank_only_w1.0,0.3,top3,mean_paired_delta,0.00408163,0.00405705,0.00045351,0.00816327,0.00201552,2205
primary,gating,joint_gate_w1.0,rank_only_w1.0,0.3,brier,mean_paired_delta,-0.00783075,-0.00781622,-0.0148667,-0.00100344,0.00350639,2205
primary,gating,joint_gate_w1.0,rank_only_w1.0,0.3,nll,mean_paired_delta,-0.02424588,-0.02417821,-0.04559737,-0.00396474,0.01054354,2205
primary,gating,joint_gate_w1.0,rank_only_w1.0,0.3,margin,mean_paired_delta,-0.0025519,-0.00253345,-0.00594252,0.00089501,0.00173901,2205
primary,gating,joint_gate_w1.0,rank_only_w1.0,0.3,total_questions,mean_paired_delta,0.02267574,0.02249791,-0.01088435,0.05714286,0.01743324,2205
primary,gating,joint_gate_w1.0,rank_only_w1.0,0.3,unnecessary_verification_rate,rate_delta,-0.00961091,-0.00967719,-0.01849809,-0.00087997,0.00444468,2205
primary,gating,joint_gate_w1.0,rank_only_w1.0,0.3,conflict_resolution_rate,rate_delta,0.00708265,0.00713415,-0.00122237,0.01563588,0.00432561,2205
primary,gating,joint_gate_w1.0,rank_only_w1.0,0.2+0.3,top1,mean_paired_delta,0.0047619,0.00476506,0.0015873,0.00816327,0.00167733,4410
primary,gating,joint_gate_w1.0,rank_only_w1.0,0.2+0.3,top3,mean_paired_delta,0.00340136,0.00338256,0.00068027,0.00612245,0.00135622,4410
primary,gating,joint_gate_w1.0,rank_only_w1.0,0.2+0.3,brier,mean_paired_delta,-0.00604073,-0.00604021,-0.01027214,-0.00188213,0.00213461,4410
primary,gating,joint_gate_w1.0,rank_only_w1.0,0.2+0.3,nll,mean_paired_delta,-0.01826691,-0.01821713,-0.03122787,-0.00612638,0.00644818,4410
primary,gating,joint_gate_w1.0,rank_only_w1.0,0.2+0.3,margin,mean_paired_delta,-0.00139208,-0.00139142,-0.00358872,0.00076178,0.00110429,4410
primary,gating,joint_gate_w1.0,rank_only_w1.0,0.2+0.3,total_questions,mean_paired_delta,0.00748299,0.00737846,-0.01655329,0.03151927,0.01208145,4410
primary,gating,joint_gate_w1.0,rank_only_w1.0,0.2+0.3,unnecessary_verification_rate,rate_delta,-0.01066293,-0.01070686,-0.01772059,-0.00338052,0.0036556,4410
primary,gating,joint_gate_w1.0,rank_only_w1.0,0.2+0.3,conflict_resolution_rate,rate_delta,0.0090974,0.00913087,0.00206844,0.0162565,0.00358703,4410
primary,total,joint_gate_w1.0,rank_only_w0.0,0.0,top1,mean_paired_delta,0.00272109,0.00271655,-0.00136054,0.00725624,0.00219658,2205
primary,total,joint_gate_w1.0,rank_only_w0.0,0.0,top3,mean_paired_delta,0.0,-2.472e-05,-0.00226757,0.00226757,0.00108341,2205
primary,total,joint_gate_w1.0,rank_only_w0.0,0.0,brier,mean_paired_delta,0.00128634,0.00129906,-0.00204845,0.00471033,0.00173078,2205
primary,total,joint_gate_w1.0,rank_only_w0.0,0.0,nll,mean_paired_delta,0.00315486,0.00321138,-0.00407034,0.01085781,0.00379933,2205
primary,total,joint_gate_w1.0,rank_only_w0.0,0.0,margin,mean_paired_delta,-0.00303084,-0.00303631,-0.00672918,0.00037858,0.00180275,2205
primary,total,joint_gate_w1.0,rank_only_w0.0,0.0,total_questions,mean_paired_delta,0.1015873,0.10146698,0.07981859,0.12335601,0.01093556,2205
primary,total,joint_gate_w1.0,rank_only_w0.0,0.0,unnecessary_verification_rate,rate_delta,-0.0904325,-0.09093723,-0.13539866,-0.04430343,0.02297612,2205
primary,total,joint_gate_w1.0,rank_only_w0.0,0.0,conflict_resolution_rate,rate_delta,0.0904325,0.09093723,0.04433437,0.13544018,0.02297612,2205
primary,total,joint_gate_w1.0,rank_only_w0.0,0.1,top1,mean_paired_delta,0.00272109,0.00272707,-0.0031746,0.00861678,0.00297699,2205
primary,total,joint_gate_w1.0,rank_only_w0.0,0.1,top3,mean_paired_delta,0.00362812,0.00361737,-0.00090703,0.00816327,0.00237766,2205
primary,total,joint_gate_w1.0,rank_only_w0.0,0.1,brier,mean_paired_delta,-0.00681333,-0.00683665,-0.01324553,-0.00061728,0.0032059,2205
primary,total,joint_gate_w1.0,rank_only_w0.0,0.1,nll,mean_paired_delta,-0.02036856,-0.02043008,-0.03886572,-0.00270347,0.00915074,2205
primary,total,joint_gate_w1.0,rank_only_w0.0,0.1,margin,mean_paired_delta,0.00156591,0.00157703,-0.00288248,0.00609432,0.00229065,2205
primary,total,joint_gate_w1.0,rank_only_w0.0,0.1,total_questions,mean_paired_delta,0.07210884,0.07199741,0.03401361,0.10975057,0.01931918,2205
primary,total,joint_gate_w1.0,rank_only_w0.0,0.1,unnecessary_verification_rate,rate_delta,-0.05388725,-0.05378145,-0.08135981,-0.02663088,0.01393096,2205
primary,total,joint_gate_w1.0,rank_only_w0.0,0.1,conflict_resolution_rate,rate_delta,0.05600052,0.05587166,0.02875228,0.08330879,0.01387943,2205
primary,total,joint_gate_w1.0,rank_only_w0.0,0.2,top1,mean_paired_delta,0.00589569,0.00588458,-0.00090703,0.01269841,0.00338039,2205
primary,total,joint_gate_w1.0,rank_only_w0.0,0.2,top3,mean_paired_delta,0.0031746,0.00314989,-0.00226757,0.00861678,0.00281055,2205
primary,total,joint_gate_w1.0,rank_only_w0.0,0.2,brier,mean_paired_delta,-0.00657294,-0.00657329,-0.01424771,0.00109885,0.00393825,2205
primary,total,joint_gate_w1.0,rank_only_w0.0,0.2,nll,mean_paired_delta,-0.02646816,-0.0263955,-0.04884379,-0.00397103,0.01138889,2205
primary,total,joint_gate_w1.0,rank_only_w0.0,0.2,margin,mean_paired_delta,-0.00137676,-0.00142871,-0.00619388,0.00313216,0.00237349,2205
primary,total,joint_gate_w1.0,rank_only_w0.0,0.2,total_questions,mean_paired_delta,0.05714286,0.05711483,0.01269841,0.10249433,0.02286867,2205
primary,total,joint_gate_w1.0,rank_only_w0.0,0.2,unnecessary_verification_rate,rate_delta,-0.04164327,-0.04178256,-0.06220658,-0.02052083,0.01052642,2205
primary,total,joint_gate_w1.0,rank_only_w0.0,0.2,conflict_resolution_rate,rate_delta,0.03610643,0.0362442,0.01514448,0.05668695,0.01040659,2205
primary,total,joint_gate_w1.0,rank_only_w0.0,0.3,top1,mean_paired_delta,0.00045351,0.00046113,-0.00907029,0.00952381,0.00471058,2205
primary,total,joint_gate_w1.0,rank_only_w0.0,0.3,top3,mean_paired_delta,0.0031746,0.00315356,-0.00408163,0.01088435,0.00383276,2205
primary,total,joint_gate_w1.0,rank_only_w0.0,0.3,brier,mean_paired_delta,0.00045176,0.00044583,-0.01131227,0.01258544,0.00616826,2205
primary,total,joint_gate_w1.0,rank_only_w0.0,0.3,nll,mean_paired_delta,-0.01665036,-0.01660623,-0.05226815,0.01868664,0.0180623,2205
primary,total,joint_gate_w1.0,rank_only_w0.0,0.3,margin,mean_paired_delta,-0.00533312,-0.00533473,-0.0123763,0.00181551,0.0036199,2205
primary,total,joint_gate_w1.0,rank_only_w0.0,0.3,total_questions,mean_paired_delta,0.0861678,0.08626426,0.03356009,0.14013605,0.02687696,2205
primary,total,joint_gate_w1.0,rank_only_w0.0,0.3,unnecessary_verification_rate,rate_delta,-0.04532602,-0.04528456,-0.06628064,-0.02411235,0.01076277,2205
primary,total,joint_gate_w1.0,rank_only_w0.0,0.3,conflict_resolution_rate,rate_delta,0.04057406,0.04050537,0.01943696,0.06214535,0.01084252,2205
primary,total,joint_gate_w1.0,rank_only_w0.0,0.2+0.3,top1,mean_paired_delta,0.0031746,0.00317286,-0.00226757,0.00861678,0.00277652,4410
primary,total,joint_gate_w1.0,rank_only_w0.0,0.2+0.3,top3,mean_paired_delta,0.0031746,0.00315172,-0.00136054,0.00770975,0.0022838,4410
primary,total,joint_gate_w1.0,rank_only_w0.0,0.2+0.3,brier,mean_paired_delta,-0.00306059,-0.00306373,-0.00990477,0.00394808,0.00356785,4410
primary,total,joint_gate_w1.0,rank_only_w0.0,0.2+0.3,nll,mean_paired_delta,-0.02155926,-0.02150087,-0.0423342,-0.00076195,0.01056898,4410
primary,total,joint_gate_w1.0,rank_only_w0.0,0.2+0.3,margin,mean_paired_delta,-0.00335494,-0.00338172,-0.0076055,0.0008881,0.0021546,4410
primary,total,joint_gate_w1.0,rank_only_w0.0,0.2+0.3,total_questions,mean_paired_delta,0.07165533,0.07168955,0.03673469,0.10748299,0.01791539,4410
primary,total,joint_gate_w1.0,rank_only_w0.0,0.2+0.3,unnecessary_verification_rate,rate_delta,-0.04223534,-0.04227414,-0.05691589,-0.02727273,0.00754124,4410
primary,total,joint_gate_w1.0,rank_only_w0.0,0.2+0.3,conflict_resolution_rate,rate_delta,0.03741109,0.0374336,0.02259358,0.05214204,0.00760783,4410
full_n20,ranking,rank_only_w1.0,rank_only_w0.0,0.0,top1,mean_paired_delta,0.00034014,0.00033813,0.0,0.00102041,0.0003322,2940
full_n20,ranking,rank_only_w1.0,rank_only_w0.0,0.0,top3,mean_paired_delta,0.0,1.97e-06,-0.00102041,0.00102041,0.00046627,2940
full_n20,ranking,rank_only_w1.0,rank_only_w0.0,0.0,brier,mean_paired_delta,2.857e-05,2.847e-05,-0.00051065,0.00048349,0.00025152,2940
full_n20,ranking,rank_only_w1.0,rank_only_w0.0,0.0,nll,mean_paired_delta,0.00010515,0.0001023,-0.00196263,0.0018828,0.00096063,2940
full_n20,ranking,rank_only_w1.0,rank_only_w0.0,0.0,margin,mean_paired_delta,-0.00015179,-0.00015075,-0.00052946,0.00014257,0.00017222,2940
full_n20,ranking,rank_only_w1.0,rank_only_w0.0,0.0,total_questions,mean_paired_delta,0.00306122,0.00307204,0.00102041,0.00544218,0.00109488,2940
full_n20,ranking,rank_only_w1.0,rank_only_w0.0,0.0,unnecessary_verification_rate,rate_delta,0.00404095,0.00399745,-0.0189111,0.02778367,0.01153255,2940
full_n20,ranking,rank_only_w1.0,rank_only_w0.0,0.0,conflict_resolution_rate,rate_delta,-0.00404095,-0.00399745,-0.02777778,0.01904762,0.01153255,2940
full_n20,ranking,rank_only_w1.0,rank_only_w0.0,0.1,top1,mean_paired_delta,0.00102041,0.00099177,-0.00204082,0.00408163,0.00153078,2940
full_n20,ranking,rank_only_w1.0,rank_only_w0.0,0.1,top3,mean_paired_delta,0.00170068,0.00166901,-0.00068027,0.00442177,0.00129933,2940
full_n20,ranking,rank_only_w1.0,rank_only_w0.0,0.1,brier,mean_paired_delta,-0.00132911,-0.00131628,-0.00428011,0.00163772,0.00150202,2940
full_n20,ranking,rank_only_w1.0,rank_only_w0.0,0.1,nll,mean_paired_delta,-0.00478875,-0.00473714,-0.01453188,0.00430014,0.00478984,2940
full_n20,ranking,rank_only_w1.0,rank_only_w0.0,0.1,margin,mean_paired_delta,0.00086302,0.00085799,-0.001647,0.00334877,0.00127408,2940
full_n20,ranking,rank_only_w1.0,rank_only_w0.0,0.1,total_questions,mean_paired_delta,0.04353741,0.04355456,0.02619048,0.06122449,0.00898828,2940
full_n20,ranking,rank_only_w1.0,rank_only_w0.0,0.1,unnecessary_verification_rate,rate_delta,-0.0243501,-0.02432303,-0.0431591,-0.00492092,0.00986448,2940
full_n20,ranking,rank_only_w1.0,rank_only_w0.0,0.1,conflict_resolution_rate,rate_delta,0.02561072,0.02558165,0.00638061,0.04440913,0.00984328,2940
full_n20,ranking,rank_only_w1.0,rank_only_w0.0,0.2,top1,mean_paired_delta,-0.00102041,-0.00101289,-0.00612245,0.00408163,0.00262406,2940
full_n20,ranking,rank_only_w1.0,rank_only_w0.0,0.2,top3,mean_paired_delta,-0.00034014,-0.00033105,-0.00442177,0.0037415,0.00204671,2940
full_n20,ranking,rank_only_w1.0,rank_only_w0.0,0.2,brier,mean_paired_delta,-0.00089744,-0.00091728,-0.00664746,0.0048217,0.00293411,2940
full_n20,ranking,rank_only_w1.0,rank_only_w0.0,0.2,nll,mean_paired_delta,-0.01042307,-0.01049335,-0.02755903,0.00603844,0.00847092,2940
full_n20,ranking,rank_only_w1.0,rank_only_w0.0,0.2,margin,mean_paired_delta,-0.00243823,-0.00244517,-0.00608267,0.00111984,0.00183077,2940
full_n20,ranking,rank_only_w1.0,rank_only_w0.0,0.2,total_questions,mean_paired_delta,0.06088435,0.06078486,0.0329932,0.08945578,0.01436405,2940
full_n20,ranking,rank_only_w1.0,rank_only_w0.0,0.2,unnecessary_verification_rate,rate_delta,-0.02345635,-0.02343994,-0.03981461,-0.00757401,0.00836412,2940
full_n20,ranking,rank_only_w1.0,rank_only_w0.0,0.2,conflict_resolution_rate,rate_delta,0.01810545,0.01809907,0.00215042,0.03424098,0.00818212,2940
full_n20,ranking,rank_only_w1.0,rank_only_w0.0,0.3,top1,mean_paired_delta,0.0,-8.78e-06,-0.00714286,0.00714286,0.00362963,2940
full_n20,ranking,rank_only_w1.0,rank_only_w0.0,0.3,top3,mean_paired_delta,0.00238095,0.0023648,-0.0037415,0.00816327,0.00303081,2940
full_n20,ranking,rank_only_w1.0,rank_only_w0.0,0.3,brier,mean_paired_delta,0.00092477,0.00094954,-0.00829321,0.01002862,0.00469816,2940
full_n20,ranking,rank_only_w1.0,rank_only_w0.0,0.3,nll,mean_paired_delta,-0.01412113,-0.01407379,-0.04145749,0.01267562,0.0137628,2940
full_n20,ranking,rank_only_w1.0,rank_only_w0.0,0.3,margin,mean_paired_delta,-0.0016416,-0.00166313,-0.00717523,0.00380422,0.00280489,2940
full_n20,ranking,rank_only_w1.0,rank_only_w0.0,0.3,total_questions,mean_paired_delta,0.06598639,0.06598799,0.02993197,0.10272109,0.01851129,2940
full_n20,ranking,rank_only_w1.0,rank_only_w0.0,0.3,unnecessary_verification_rate,rate_delta,-0.03412907,-0.03415996,-0.0512213,-0.01722084,0.00876063,2940
full_n20,ranking,rank_only_w1.0,rank_only_w0.0,0.3,conflict_resolution_rate,rate_delta,0.03207722,0.03211433,0.01550533,0.04884043,0.00858215,2940
full_n20,ranking,rank_only_w1.0,rank_only_w0.0,0.2+0.3,top1,mean_paired_delta,-0.0005102,-0.00051083,-0.00493197,0.0037415,0.00219682,5880
full_n20,ranking,rank_only_w1.0,rank_only_w0.0,0.2+0.3,top3,mean_paired_delta,0.00102041,0.00101687,-0.00238095,0.00442177,0.00175656,5880
full_n20,ranking,rank_only_w1.0,rank_only_w0.0,0.2+0.3,brier,mean_paired_delta,1.367e-05,1.613e-05,-0.00553702,0.00541433,0.00277508,5880
full_n20,ranking,rank_only_w1.0,rank_only_w0.0,0.2+0.3,nll,mean_paired_delta,-0.0122721,-0.01228357,-0.02800826,0.00322631,0.00798553,5880
full_n20,ranking,rank_only_w1.0,rank_only_w0.0,0.2+0.3,margin,mean_paired_delta,-0.00203991,-0.00205415,-0.00533114,0.00125955,0.00167995,5880
full_n20,ranking,rank_only_w1.0,rank_only_w0.0,0.2+0.3,total_questions,mean_paired_delta,0.06343537,0.06338643,0.03979592,0.0872449,0.01202777,5880
full_n20,ranking,rank_only_w1.0,rank_only_w0.0,0.2+0.3,unnecessary_verification_rate,rate_delta,-0.02938396,-0.02938966,-0.04141266,-0.01747476,0.00611609,5880
full_n20,ranking,rank_only_w1.0,rank_only_w0.0,0.2+0.3,conflict_resolution_rate,rate_delta,0.02584434,0.02585824,0.01404356,0.037673,0.00600091,5880
full_n20,gating,joint_gate_w1.0,rank_only_w1.0,0.0,top1,mean_paired_delta,0.00272109,0.00272599,-0.00102041,0.00646259,0.00191628,2940
full_n20,gating,joint_gate_w1.0,rank_only_w1.0,0.0,top3,mean_paired_delta,0.0,8.27e-06,-0.00204082,0.00204082,0.00105054,2940
full_n20,gating,joint_gate_w1.0,rank_only_w1.0,0.0,brier,mean_paired_delta,0.00210745,0.00209543,-0.00091077,0.00518332,0.00154233,2940
full_n20,gating,joint_gate_w1.0,rank_only_w1.0,0.0,nll,mean_paired_delta,0.00658546,0.00654838,-0.0005194,0.01408271,0.00372629,2940
full_n20,gating,joint_gate_w1.0,rank_only_w1.0,0.0,margin,mean_paired_delta,-0.00306411,-0.00305138,-0.00619821,-7.3e-06,0.00157439,2940
full_n20,gating,joint_gate_w1.0,rank_only_w1.0,0.0,total_questions,mean_paired_delta,0.08911565,0.08911895,0.0707483,0.10816327,0.0095226,2940
full_n20,gating,joint_gate_w1.0,rank_only_w1.0,0.0,unnecessary_verification_rate,rate_delta,-0.09002528,-0.09004112,-0.1296264,-0.0504043,0.01995944,2940
full_n20,gating,joint_gate_w1.0,rank_only_w1.0,0.0,conflict_resolution_rate,rate_delta,0.09002528,0.09004112,0.05041174,0.12965105,0.01995944,2940
full_n20,gating,joint_gate_w1.0,rank_only_w1.0,0.1,top1,mean_paired_delta,0.00340136,0.00340833,-0.00068027,0.00748299,0.00213838,2940
full_n20,gating,joint_gate_w1.0,rank_only_w1.0,0.1,top3,mean_paired_delta,0.00204082,0.00207327,-0.00136054,0.00544218,0.00169043,2940
full_n20,gating,joint_gate_w1.0,rank_only_w1.0,0.1,brier,mean_paired_delta,-0.0051375,-0.00514996,-0.00963892,-0.00075139,0.00226579,2940
full_n20,gating,joint_gate_w1.0,rank_only_w1.0,0.1,nll,mean_paired_delta,-0.01501837,-0.01507429,-0.02707101,-0.00351904,0.00606084,2940
full_n20,gating,joint_gate_w1.0,rank_only_w1.0,0.1,margin,mean_paired_delta,0.00049793,0.0005031,-0.00249372,0.00351071,0.00153589,2940
full_n20,gating,joint_gate_w1.0,rank_only_w1.0,0.1,total_questions,mean_paired_delta,0.03469388,0.03448095,0.00442177,0.06496599,0.01537211,2940
full_n20,gating,joint_gate_w1.0,rank_only_w1.0,0.1,unnecessary_verification_rate,rate_delta,-0.02806755,-0.02818549,-0.04533173,-0.0113026,0.0087145,2940
full_n20,gating,joint_gate_w1.0,rank_only_w1.0,0.1,conflict_resolution_rate,rate_delta,0.0280454,0.0281455,0.01109949,0.04543555,0.00874135,2940
full_n20,gating,joint_gate_w1.0,rank_only_w1.0,0.2,top1,mean_paired_delta,0.0047619,0.00473935,0.00102041,0.0085034,0.00193495,2940
full_n20,gating,joint_gate_w1.0,rank_only_w1.0,0.2,top3,mean_paired_delta,0.00306122,0.00304578,0.0,0.00612245,0.00157581,2940
full_n20,gating,joint_gate_w1.0,rank_only_w1.0,0.2,brier,mean_paired_delta,-0.00382823,-0.00379874,-0.00820314,0.00056486,0.00224136,2940
full_n20,gating,joint_gate_w1.0,rank_only_w1.0,0.2,nll,mean_paired_delta,-0.01181568,-0.01174016,-0.02454171,0.00080918,0.00643625,2940
full_n20,gating,joint_gate_w1.0,rank_only_w1.0,0.2,margin,mean_paired_delta,0.00089418,0.00089151,-0.00158984,0.00343661,0.00128468,2940
full_n20,gating,joint_gate_w1.0,rank_only_w1.0,0.2,total_questions,mean_paired_delta,-0.0085034,-0.00845888,-0.03265306,0.01666667,0.0125051,2940
full_n20,gating,joint_gate_w1.0,rank_only_w1.0,0.2,unnecessary_verification_rate,rate_delta,-0.01619991,-0.01620647,-0.02584445,-0.00696994,0.0047891,2940
full_n20,gating,joint_gate_w1.0,rank_only_w1.0,0.2,conflict_resolution_rate,rate_delta,0.01463826,0.01463159,0.00552057,0.02401655,0.00472464,2940
full_n20,gating,joint_gate_w1.0,rank_only_w1.0,0.3,top1,mean_paired_delta,0.00170068,0.00170126,-0.00238095,0.00612245,0.00218763,2940
full_n20,gating,joint_gate_w1.0,rank_only_w1.0,0.3,top3,mean_paired_delta,0.00306122,0.00308799,-0.00034014,0.00680272,0.00179557,2940
full_n20,gating,joint_gate_w1.0,rank_only_w1.0,0.3,brier,mean_paired_delta,-0.0038105,-0.00381644,-0.00980824,0.00204583,0.00301016,2940
full_n20,gating,joint_gate_w1.0,rank_only_w1.0,0.3,nll,mean_paired_delta,-0.01671734,-0.01674237,-0.03434071,0.00041685,0.00892737,2940
full_n20,gating,joint_gate_w1.0,rank_only_w1.0,0.3,margin,mean_paired_delta,-0.00246873,-0.00247931,-0.00544464,0.00034679,0.0014822,2940
full_n20,gating,joint_gate_w1.0,rank_only_w1.0,0.3,total_questions,mean_paired_delta,0.01564626,0.01551748,-0.01156463,0.04387755,0.01397554,2940
full_n20,gating,joint_gate_w1.0,rank_only_w1.0,0.3,unnecessary_verification_rate,rate_delta,-0.00923247,-0.00922152,-0.01680553,-0.00179028,0.00382079,2940
full_n20,gating,joint_gate_w1.0,rank_only_w1.0,0.3,conflict_resolution_rate,rate_delta,0.00563262,0.00562826,-0.00164454,0.01284016,0.00367383,2940
full_n20,gating,joint_gate_w1.0,rank_only_w1.0,0.2+0.3,top1,mean_paired_delta,0.00323129,0.00322031,0.00034014,0.00595238,0.00143476,5880
full_n20,gating,joint_gate_w1.0,rank_only_w1.0,0.2+0.3,top3,mean_paired_delta,0.00306122,0.00306689,0.00085034,0.00544218,0.00116952,5880
full_n20,gating,joint_gate_w1.0,rank_only_w1.0,0.2+0.3,brier,mean_paired_delta,-0.00381936,-0.00380759,-0.00742947,-0.00020893,0.00184331,5880
full_n20,gating,joint_gate_w1.0,rank_only_w1.0,0.2+0.3,nll,mean_paired_delta,-0.01426651,-0.01424127,-0.02516411,-0.00366575,0.0054683,5880
full_n20,gating,joint_gate_w1.0,rank_only_w1.0,0.2+0.3,margin,mean_paired_delta,-0.00078727,-0.0007939,-0.00281684,0.00112485,0.00099781,5880
full_n20,gating,joint_gate_w1.0,rank_only_w1.0,0.2+0.3,total_questions,mean_paired_delta,0.00357143,0.0035293,-0.01547619,0.02278912,0.00977749,5880
full_n20,gating,joint_gate_w1.0,rank_only_w1.0,0.2+0.3,unnecessary_verification_rate,rate_delta,-0.01133119,-0.01132546,-0.01751647,-0.00519645,0.00315134,5880
full_n20,gating,joint_gate_w1.0,rank_only_w1.0,0.2+0.3,conflict_resolution_rate,rate_delta,0.00881439,0.00880572,0.00286526,0.01487558,0.00306686,5880
full_n20,total,joint_gate_w1.0,rank_only_w0.0,0.0,top1,mean_paired_delta,0.00306122,0.00306412,-0.00034014,0.00680272,0.0018336,2940
full_n20,total,joint_gate_w1.0,rank_only_w0.0,0.0,top3,mean_paired_delta,0.0,1.024e-05,-0.00238095,0.00238095,0.00115083,2940
full_n20,total,joint_gate_w1.0,rank_only_w0.0,0.0,brier,mean_paired_delta,0.00213602,0.0021239,-0.00087599,0.00522673,0.00154805,2940
full_n20,total,joint_gate_w1.0,rank_only_w0.0,0.0,nll,mean_paired_delta,0.00669062,0.00665068,-0.00079863,0.01427195,0.0038252,2940
full_n20,total,joint_gate_w1.0,rank_only_w0.0,0.0,margin,mean_paired_delta,-0.0032159,-0.00320213,-0.00639597,-8.597e-05,0.00159736,2940
full_n20,total,joint_gate_w1.0,rank_only_w0.0,0.0,total_questions,mean_paired_delta,0.09217687,0.09219099,0.07380952,0.11088435,0.00951932,2940
full_n20,total,joint_gate_w1.0,rank_only_w0.0,0.0,unnecessary_verification_rate,rate_delta,-0.08598433,-0.08604367,-0.12777174,-0.04182079,0.02160664,2940
full_n20,total,joint_gate_w1.0,rank_only_w0.0,0.0,conflict_resolution_rate,rate_delta,0.08598433,0.08604367,0.04183682,0.1277864,0.02160664,2940
full_n20,total,joint_gate_w1.0,rank_only_w0.0,0.1,top1,mean_paired_delta,0.00442177,0.0044001,-0.00034014,0.00918367,0.00249729,2940
full_n20,total,joint_gate_w1.0,rank_only_w0.0,0.1,top3,mean_paired_delta,0.0037415,0.00374228,-0.00034014,0.00782313,0.00201617,2940
full_n20,total,joint_gate_w1.0,rank_only_w0.0,0.1,brier,mean_paired_delta,-0.00646662,-0.00646624,-0.01171907,-0.00121533,0.00268083,2940
full_n20,total,joint_gate_w1.0,rank_only_w0.0,0.1,nll,mean_paired_delta,-0.01980712,-0.01981143,-0.03493658,-0.00549474,0.0076174,2940
full_n20,total,joint_gate_w1.0,rank_only_w0.0,0.1,margin,mean_paired_delta,0.00136095,0.00136109,-0.00250945,0.00528462,0.00196233,2940
full_n20,total,joint_gate_w1.0,rank_only_w0.0,0.1,total_questions,mean_paired_delta,0.07823129,0.07803551,0.04421769,0.11156463,0.0172184,2940
full_n20,total,joint_gate_w1.0,rank_only_w0.0,0.1,unnecessary_verification_rate,rate_delta,-0.05241765,-0.05250852,-0.07652379,-0.02867608,0.01227262,2940
full_n20,total,joint_gate_w1.0,rank_only_w0.0,0.1,conflict_resolution_rate,rate_delta,0.05365613,0.05372715,0.03021449,0.07784428,0.01224618,2940
full_n20,total,joint_gate_w1.0,rank_only_w0.0,0.2,top1,mean_paired_delta,0.0037415,0.00372646,-0.00238095,0.00986395,0.0030544,2940
full_n20,total,joint_gate_w1.0,rank_only_w0.0,0.2,top3,mean_paired_delta,0.00272109,0.00271473,-0.00204082,0.00748299,0.00237804,2940
full_n20,total,joint_gate_w1.0,rank_only_w0.0,0.2,brier,mean_paired_delta,-0.00472567,-0.00471601,-0.01172816,0.00216199,0.00352089,2940
full_n20,total,joint_gate_w1.0,rank_only_w0.0,0.2,nll,mean_paired_delta,-0.02223875,-0.02223351,-0.04180784,-0.00298077,0.0098264,2940
full_n20,total,joint_gate_w1.0,rank_only_w0.0,0.2,margin,mean_paired_delta,-0.00154405,-0.00155367,-0.00584855,0.00265813,0.0021738,2940
full_n20,total,joint_gate_w1.0,rank_only_w0.0,0.2,total_questions,mean_paired_delta,0.05238095,0.05232599,0.01598639,0.08945578,0.01884471,2940
full_n20,total,joint_gate_w1.0,rank_only_w0.0,0.2,unnecessary_verification_rate,rate_delta,-0.03965626,-0.03964642,-0.05815602,-0.02172659,0.0092926,2940
full_n20,total,joint_gate_w1.0,rank_only_w0.0,0.2,conflict_resolution_rate,rate_delta,0.03274372,0.03273066,0.01496839,0.05083648,0.00917385,2940
full_n20,total,joint_gate_w1.0,rank_only_w0.0,0.3,top1,mean_paired_delta,0.00170068,0.00169248,-0.00646259,0.00986395,0.00408787,2940
full_n20,total,joint_gate_w1.0,rank_only_w0.0,0.3,top3,mean_paired_delta,0.00544218,0.00545279,-0.00102041,0.01190476,0.00336231,2940
full_n20,total,joint_gate_w1.0,rank_only_w0.0,0.3,brier,mean_paired_delta,-0.00288572,-0.0028669,-0.01337905,0.00770765,0.00536077,2940
full_n20,total,joint_gate_w1.0,rank_only_w0.0,0.3,nll,mean_paired_delta,-0.03083847,-0.03081616,-0.06154806,-0.00077318,0.0154188,2940
full_n20,total,joint_gate_w1.0,rank_only_w0.0,0.3,margin,mean_paired_delta,-0.00411033,-0.00414244,-0.01025176,0.00185949,0.00309641,2940
full_n20,total,joint_gate_w1.0,rank_only_w0.0,0.3,total_questions,mean_paired_delta,0.08163265,0.08150548,0.03639456,0.12755102,0.02286217,2940
full_n20,total,joint_gate_w1.0,rank_only_w0.0,0.3,unnecessary_verification_rate,rate_delta,-0.04336153,-0.04338148,-0.06136726,-0.02551195,0.00908865,2940
full_n20,total,joint_gate_w1.0,rank_only_w0.0,0.3,conflict_resolution_rate,rate_delta,0.03770984,0.03774259,0.02019341,0.05539948,0.00905137,2940
full_n20,total,joint_gate_w1.0,rank_only_w0.0,0.2+0.3,top1,mean_paired_delta,0.00272109,0.00270947,-0.00221088,0.00765306,0.00246758,5880
full_n20,total,joint_gate_w1.0,rank_only_w0.0,0.2+0.3,top3,mean_paired_delta,0.00408163,0.00408376,0.00017007,0.0079932,0.00199206,5880
full_n20,total,joint_gate_w1.0,rank_only_w0.0,0.2+0.3,brier,mean_paired_delta,-0.0038057,-0.00379146,-0.01005829,0.00241253,0.00315971,5880
full_n20,total,joint_gate_w1.0,rank_only_w0.0,0.2+0.3,nll,mean_paired_delta,-0.02653861,-0.02652484,-0.04463675,-0.00881678,0.0090932,5880
full_n20,total,joint_gate_w1.0,rank_only_w0.0,0.2+0.3,margin,mean_paired_delta,-0.00282719,-0.00284805,-0.00664575,0.00094514,0.00193537,5880
full_n20,total,joint_gate_w1.0,rank_only_w0.0,0.2+0.3,total_questions,mean_paired_delta,0.0670068,0.06691573,0.03758503,0.09693878,0.01503281,5880
full_n20,total,joint_gate_w1.0,rank_only_w0.0,0.2+0.3,unnecessary_verification_rate,rate_delta,-0.04071515,-0.04071512,-0.05375666,-0.02786838,0.00662515,5880
full_n20,total,joint_gate_w1.0,rank_only_w0.0,0.2+0.3,conflict_resolution_rate,rate_delta,0.03465873,0.03466396,0.02170555,0.04775585,0.00662097,5880
